<?xml version='1.0'?>
<module>
	<exporttime>2009-05-15 13:19:52</exporttime>
	<name>Tooltip</name>
	<label>Tool Tip</label>
	<parent></parent>
	<type>extension</type>
	<version>1.2</version>
	<dependencies>
		<vtiger_version>5.1.0</vtiger_version>
		<vtiger_max_version>7.*</vtiger_max_version>
	</dependencies>
	<migrations>
		<migration version='1.0'>		
		</migration>
	</migrations>
	<tables>
		<table>
			<name>vtiger_quickview</name>
			<sql><![CDATA[CREATE TABLE `vtiger_quickview` (
  `fieldid` int(19) NOT NULL,
  `related_fieldid` int(19) NOT NULL,
  `sequence` int(19) NOT NULL,
  `currentview` int(19) NOT NULL,
  KEY `fk_1_vtiger_quickview` (`fieldid`),
  CONSTRAINT `fk_1_vtiger_quickview` FOREIGN KEY (`fieldid`) REFERENCES `vtiger_field` (`fieldid`) ON DELETE CASCADE
) ENGINE=InnoDB DEFAULT CHARSET=utf8]]></sql>
		</table>
	</tables>
	<customlinks>
		<customlink>
			<linktype>HEADERSCRIPT</linktype>
			<linklabel>ToolTip_HeaderScript</linklabel>
			<linkurl><![CDATA[modules/Tooltip/TooltipHeaderScript.js]]></linkurl>
			<linkicon><![CDATA[]]></linkicon>
			<sequence>0</sequence>
		</customlink>
	</customlinks>
</module>
